{"cameraMode":{"drawMode":0,"name":"Shaded","section":"Shading Mode"},"sceneLighting":false,"audioPlay":false,"sceneViewState":{"m_AlwaysRefresh":false,"showFog":true,"showSkybox":false,"showFlares":true,"showImageEffects":true,"showParticleSystems":true,"showVisualEffectGraphs":true,"m_FxEnabled":true},"in2DMode":false,"pivot":{"x":0.07059702277183533,"y":-0.12589991092681886,"z":-0.016896963119506837},"rotation":{"x":0.20405353605747224,"y":0.09089547395706177,"z":-0.019030574709177018,"w":0.9745545387268066},"size":0.844948947429657,"orthographic":false}