{"cameraMode":{"drawMode":0,"name":"Shaded","section":"Shading Mode"},"sceneLighting":false,"audioPlay":false,"sceneViewState":{"m_AlwaysRefresh":false,"showFog":true,"showSkybox":false,"showFlares":true,"showImageEffects":true,"showParticleSystems":true,"showVisualEffectGraphs":true,"m_FxEnabled":true},"in2DMode":false,"pivot":{"x":83.33525085449219,"y":2.5838747024536135,"z":-4.588577747344971},"rotation":{"x":0.6805529594421387,"y":-0.0032844250090420248,"z":0.003076193854212761,"w":0.7327284812927246},"size":8.386070251464844,"orthographic":false}