{"cameraMode":{"drawMode":0,"name":"Shaded","section":"Shading Mode"},"sceneLighting":false,"audioPlay":false,"sceneViewState":{"m_AlwaysRefresh":false,"showFog":true,"showSkybox":false,"showFlares":true,"showImageEffects":true,"showParticleSystems":true,"showVisualEffectGraphs":true,"m_FxEnabled":true},"in2DMode":false,"pivot":{"x":1.963667392730713,"y":0.200844407081604,"z":0.2915114760398865},"rotation":{"x":-0.0005948523757979274,"y":-0.7319777607917786,"z":0.0006711987080052495,"w":-0.6815106868743897},"size":4.5248308181762699,"orthographic":false}