{"cameraMode":{"drawMode":0,"name":"Shaded","section":"Shading Mode"},"sceneLighting":false,"audioPlay":false,"sceneViewState":{"m_AlwaysRefresh":false,"showFog":true,"showSkybox":false,"showFlares":true,"showImageEffects":true,"showParticleSystems":true,"showVisualEffectGraphs":true,"m_FxEnabled":true},"in2DMode":false,"pivot":{"x":69.97655487060547,"y":2.5838747024536135,"z":10.119999885559082},"rotation":{"x":0.6805529594421387,"y":-0.0032844250090420248,"z":0.003076193854212761,"w":0.7327284812927246},"size":8.378392219543457,"orthographic":false}