{"cameraMode":{"drawMode":0,"name":"Shaded","section":"Shading Mode"},"sceneLighting":false,"audioPlay":false,"sceneViewState":{"m_AlwaysRefresh":false,"showFog":true,"showSkybox":false,"showFlares":true,"showImageEffects":true,"showParticleSystems":true,"showVisualEffectGraphs":true,"m_FxEnabled":true},"in2DMode":false,"pivot":{"x":-30.859477996826173,"y":-0.1282052993774414,"z":39.364715576171878},"rotation":{"x":-0.23348115384578706,"y":0.07812611758708954,"z":-0.01871689222753048,"w":-0.9691663980484009},"size":5.155813694000244,"orthographic":false}