{"cameraMode":{"drawMode":0,"name":"Shaded","section":"Shading Mode"},"sceneLighting":true,"audioPlay":false,"sceneViewState":{"showFog":true,"showMaterialUpdate":false,"showSkybox":true,"showFlares":true,"showImageEffects":true,"showParticleSystems":true},"in2DMode":false,"pivot":{"x":2.472951889038086,"y":3.9754199981689455,"z":-6.043116092681885},"rotation":{"x":-0.20640277862548829,"y":0.18569140136241914,"z":-0.039931267499923709,"w":-0.9598590731620789},"size":2.5115835666656496,"orthographic":false}