{"cameraMode":{"drawMode":0,"name":"Shaded","section":"Shading Mode"},"sceneLighting":true,"audioPlay":false,"sceneViewState":{"showFog":true,"showMaterialUpdate":false,"showSkybox":true,"showFlares":true,"showImageEffects":true,"showParticleSystems":true},"in2DMode":false,"pivot":{"x":-0.44218072295188906,"y":-0.2229621410369873,"z":-0.006479144096374512},"rotation":{"x":-0.23273544013500215,"y":0.08506365865468979,"z":-0.020441681146621705,"w":-0.968604326248169},"size":0.9712120890617371,"orthographic":false}