{"cameraMode":{"drawMode":0,"name":"Shaded","section":"Shading Mode"},"sceneLighting":true,"audioPlay":false,"sceneViewState":{"showFog":true,"showMaterialUpdate":false,"showSkybox":true,"showFlares":true,"showImageEffects":true,"showParticleSystems":true},"in2DMode":false,"pivot":{"x":0.11335208266973496,"y":0.6274168491363525,"z":-1.1157002449035645},"rotation":{"x":0.010179036296904087,"y":-0.047383230179548267,"z":-0.00048374399193562567,"w":-0.9988271594047546},"size":1.101877212524414,"orthographic":false}