{"cameraMode":{"drawMode":0,"name":"Shaded","section":"Shading Mode"},"sceneLighting":true,"audioPlay":false,"sceneViewState":{"m_AlwaysRefresh":false,"showFog":true,"showSkybox":true,"showFlares":true,"showImageEffects":true,"showParticleSystems":true,"showVisualEffectGraphs":true,"m_FxEnabled":true},"in2DMode":false,"pivot":{"x":-2.3954057693481447,"y":12.392383575439454,"z":9.191917419433594},"rotation":{"x":0.3796037435531616,"y":-0.019815711304545404,"z":0.007869109511375428,"w":0.9250627756118774},"size":27.487457275390626,"orthographic":false}