{"cameraMode":{"drawMode":0,"name":"Shaded","section":"Shading Mode"},"sceneLighting":true,"audioPlay":false,"sceneViewState":{"m_AlwaysRefresh":false,"showFog":true,"showSkybox":true,"showFlares":true,"showImageEffects":true,"showParticleSystems":true,"showVisualEffectGraphs":true,"m_FxEnabled":true},"in2DMode":false,"pivot":{"x":-36.4134407043457,"y":1.6091032028198243,"z":23.67662811279297},"rotation":{"x":0.22948910295963288,"y":-0.05580844730138779,"z":0.012956634163856507,"w":0.9717679619789124},"size":3.4613966941833498,"orthographic":false}