{"cameraMode":{"drawMode":0,"name":"Shaded","section":"Shading Mode"},"sceneLighting":true,"audioPlay":false,"sceneViewState":{"m_AlwaysRefresh":false,"showFog":true,"showSkybox":true,"showFlares":true,"showImageEffects":true,"showParticleSystems":true,"showVisualEffectGraphs":true,"m_FxEnabled":true},"in2DMode":false,"pivot":{"x":0.5952069759368897,"y":3.8738749027252199,"z":80.50475311279297},"rotation":{"x":0.5019146203994751,"y":0.015568332746624947,"z":-0.009031914174556733,"w":0.8647410869598389},"size":8.37094783782959,"orthographic":false}