{"cameraMode":{"drawMode":0,"name":"Shaded","section":"Shading Mode"},"sceneLighting":true,"audioPlay":false,"sceneViewState":{"m_AlwaysRefresh":false,"showFog":true,"showSkybox":true,"showFlares":true,"showImageEffects":true,"showParticleSystems":true,"showVisualEffectGraphs":true,"m_FxEnabled":true},"in2DMode":false,"pivot":{"x":913.2042236328125,"y":718.10986328125,"z":94.372802734375},"rotation":{"x":-0.03210442513227463,"y":0.013185451738536358,"z":0.00016068799595814198,"w":0.9995448589324951},"size":1689.0736083984375,"orthographic":false}