{"cameraMode":{"drawMode":0,"name":"Shaded","section":"Shading Mode"},"sceneLighting":true,"audioPlay":false,"sceneViewState":{"m_AlwaysRefresh":false,"showFog":true,"showSkybox":true,"showFlares":true,"showImageEffects":true,"showParticleSystems":true,"showVisualEffectGraphs":true,"m_FxEnabled":true},"in2DMode":false,"pivot":{"x":-35.8167839050293,"y":5.637362480163574,"z":27.361221313476564},"rotation":{"x":-0.45052897930145266,"y":0.016963239759206773,"z":-0.008367333561182022,"w":-0.8926670551300049},"size":16.293548583984376,"orthographic":false}