{"cameraMode":{"drawMode":0,"name":"Shaded","section":"Shading Mode"},"sceneLighting":true,"audioPlay":false,"sceneViewState":{"m_AlwaysRefresh":false,"showFog":true,"showSkybox":true,"showFlares":true,"showImageEffects":true,"showParticleSystems":true,"showVisualEffectGraphs":true,"m_FxEnabled":true},"in2DMode":false,"pivot":{"x":1.6935983896255494,"y":-0.9274806976318359,"z":-12.063973426818848},"rotation":{"x":-0.0038948392029851677,"y":0.988954484462738,"z":-0.14582425355911256,"w":-0.026415672153234483},"size":5.618729591369629,"orthographic":false}