{"cameraMode":{"drawMode":0,"name":"Shaded","section":"Shading Mode"},"sceneLighting":true,"audioPlay":false,"sceneViewState":{"m_AlwaysRefresh":false,"showFog":true,"showSkybox":true,"showFlares":true,"showImageEffects":true,"showParticleSystems":true,"showVisualEffectGraphs":true,"m_FxEnabled":true},"in2DMode":false,"pivot":{"x":-34.14777374267578,"y":-13.238739013671875,"z":20.785282135009767},"rotation":{"x":0.5404108762741089,"y":0.010943174362182618,"z":-0.007361913565546274,"w":0.841464102268219},"size":30.989728927612306,"orthographic":false}