{"cameraMode":{"drawMode":0,"name":"Shaded","section":"Shading Mode"},"sceneLighting":true,"audioPlay":false,"sceneViewState":{"m_AlwaysRefresh":false,"showFog":true,"showSkybox":true,"showFlares":true,"showImageEffects":true,"showParticleSystems":true,"showVisualEffectGraphs":true,"m_FxEnabled":true},"in2DMode":false,"pivot":{"x":-29.837217330932618,"y":2.222503662109375,"z":28.868038177490236},"rotation":{"x":-0.46921148896217348,"y":0.011492947116494179,"z":-0.0058935582637786869,"w":-0.8830839991569519},"size":29.881141662597658,"orthographic":false}