{"cameraMode":{"drawMode":0,"name":"Shaded","section":"Shading Mode"},"sceneLighting":true,"audioPlay":false,"sceneViewState":{"m_AlwaysRefresh":false,"showFog":true,"showSkybox":true,"showFlares":true,"showImageEffects":true,"showParticleSystems":true,"showVisualEffectGraphs":true,"m_FxEnabled":true},"in2DMode":false,"pivot":{"x":-39.72670364379883,"y":-6.309983253479004,"z":48.1699333190918},"rotation":{"x":0.2791765034198761,"y":-0.001798568177036941,"z":0.00032459371141158044,"w":0.9603865742683411},"size":12.076581954956055,"orthographic":false}