{"cameraMode":{"drawMode":0,"name":"Shaded","section":"Shading Mode"},"sceneLighting":false,"audioPlay":false,"sceneViewState":{"m_AlwaysRefresh":false,"showFog":true,"showSkybox":false,"showFlares":true,"showImageEffects":true,"showParticleSystems":true,"showVisualEffectGraphs":true,"m_FxEnabled":true},"in2DMode":false,"pivot":{"x":0.49709492921829226,"y":-0.31101012229919436,"z":0.8864694833755493},"rotation":{"x":0.12801271677017213,"y":0.2928580641746521,"z":-0.039594706147909167,"w":0.9467307925224304},"size":0.8449491858482361,"orthographic":false}