{"cameraMode":{"drawMode":0,"name":"Shaded","section":"Shading Mode"},"sceneLighting":false,"audioPlay":false,"sceneViewState":{"m_AlwaysRefresh":false,"showFog":true,"showSkybox":false,"showFlares":true,"showImageEffects":true,"showParticleSystems":true,"showVisualEffectGraphs":true,"m_FxEnabled":true},"in2DMode":false,"pivot":{"x":-32.55660629272461,"y":0.013735391199588776,"z":27.02406120300293},"rotation":{"x":0.5019146203994751,"y":0.015568332746624947,"z":-0.009031914174556733,"w":0.8647410869598389},"size":0.24494898319244386,"orthographic":false}