{"cameraMode":{"drawMode":0,"name":"Shaded","section":"Shading Mode"},"sceneLighting":false,"audioPlay":false,"sceneViewState":{"m_AlwaysRefresh":false,"showFog":true,"showSkybox":false,"showFlares":true,"showImageEffects":true,"showParticleSystems":true,"showVisualEffectGraphs":true,"m_FxEnabled":true},"in2DMode":false,"pivot":{"x":-12.156826972961426,"y":2.567850351333618,"z":-2.389822006225586},"rotation":{"x":0.6805529594421387,"y":-0.0032844250090420248,"z":0.003076193854212761,"w":0.7327284812927246},"size":40.62078857421875,"orthographic":false}