{"cameraMode":{"drawMode":0,"name":"Shaded","section":"Shading Mode"},"sceneLighting":false,"audioPlay":false,"sceneViewState":{"m_AlwaysRefresh":false,"showFog":true,"showSkybox":false,"showFlares":true,"showImageEffects":true,"showParticleSystems":true,"showVisualEffectGraphs":true,"m_FxEnabled":true},"in2DMode":false,"pivot":{"x":54.63524627685547,"y":3.9149556159973146,"z":-4.674792766571045},"rotation":{"x":0.6571155190467835,"y":0.006783575285226107,"z":-0.005914768669754267,"w":0.7537722587585449},"size":8.363289833068848,"orthographic":false}