{"cameraMode":{"drawMode":0,"name":"Shaded","section":"Shading Mode"},"sceneLighting":false,"audioPlay":false,"sceneViewState":{"m_AlwaysRefresh":false,"showFog":false,"showSkybox":false,"showFlares":false,"showImageEffects":false,"showParticleSystems":false,"showVisualEffectGraphs":true,"m_FxEnabled":true},"in2DMode":false,"pivot":{"x":0.10154038667678833,"y":0.8009249567985535,"z":0.30443432927131655},"rotation":{"x":0.02339620143175125,"y":0.9719496965408325,"z":-0.20655207335948945,"w":0.11009971797466278},"size":1.5098004341125489,"orthographic":false}